<?xml version="1.0" encoding="UTF-8"?>
<list id="1">
  <org.openmrs.Location id="2" uuid="7f65d926-57d6-4402-ae10-a5b3bcbf7986">
    <name>Pharmacy</name>
    <creator/>
    <dateCreated id="3">2013-08-01 23:48:37</dateCreated>
    <retired>false</retired>
    <attributes id="4"/>
    <locationId>6</locationId>
    <parentLocation id="5" resolves-to="org.openmrs.Location" uuid="aff27d58-a15c-49a6-9beb-d30dcfc0c66e">
      <name>Amani Hospital</name>
      <creator/>
      <dateCreated id="6">2013-08-01 23:46:15</dateCreated>
      <retired>false</retired>
      <attributes id="7"/>
      <locationId>2</locationId>
      <childLocations id="8">
        <org.openmrs.Location id="9" uuid="58c57d25-8d39-41ab-8422-108a0c277d98">
          <name>Outpatient Clinic</name>
          <creator/>
          <dateCreated id="10">2013-08-01 23:47:12</dateCreated>
          <retired>false</retired>
          <attributes id="11"/>
          <locationId>3</locationId>
          <parentLocation reference="5"/>
          <childLocations id="12"/>
          <tags id="13">
            <org.openmrs.LocationTag id="14" uuid="b8bbf83e-645f-451f-8efe-a0db56f09676">
              <name>Login Location</name>
              <description>When a user logs in and chooses a session location, they may only choose one with this tag</description>
              <creator/>
              <dateCreated id="15">2013-08-01 23:44:36</dateCreated>
              <retired>false</retired>
              <locationTagId>2</locationTagId>
            </org.openmrs.LocationTag>
          </tags>
        </org.openmrs.Location>
        <org.openmrs.Location id="16" uuid="7fdfa2cb-bc95-405a-88c6-32b7673c0453">
          <name>Laboratory</name>
          <creator/>
          <dateCreated id="17">2013-08-01 23:48:51</dateCreated>
          <retired>false</retired>
          <attributes id="18"/>
          <locationId>7</locationId>
          <parentLocation reference="5"/>
          <childLocations id="19"/>
          <tags id="20">
            <org.openmrs.LocationTag reference="14"/>
          </tags>
        </org.openmrs.Location>
        <org.openmrs.Location id="21" uuid="2131aff8-2e2a-480a-b7ab-4ac53250262b">
          <name>Isolation Ward</name>
          <creator/>
          <dateCreated id="22">2013-08-01 23:48:19</dateCreated>
          <retired>false</retired>
          <attributes id="23"/>
          <locationId>5</locationId>
          <parentLocation reference="5"/>
          <childLocations id="24"/>
          <tags id="25">
            <org.openmrs.LocationTag id="26" uuid="1c783dca-fd54-4ea8-a0fc-2875374e9cb6">
              <name>Admission Location</name>
              <description>Patients may only be admitted to inpatient care in a location with this tag</description>
              <creator/>
              <dateCreated id="27">2013-08-01 23:43:47</dateCreated>
              <retired>false</retired>
              <locationTagId>1</locationTagId>
            </org.openmrs.LocationTag>
            <org.openmrs.LocationTag id="28" uuid="8d4626ca-7abd-42ad-be48-56767bbcf272">
              <name>Transfer Location</name>
              <description>Patients may only be transferred (within the hospital) to a location with this tag</description>
              <creator/>
              <dateCreated id="29">2013-08-01 23:44:55</dateCreated>
              <retired>false</retired>
              <locationTagId>3</locationTagId>
            </org.openmrs.LocationTag>
            <org.openmrs.LocationTag reference="14"/>
          </tags>
        </org.openmrs.Location>
        <org.openmrs.Location id="30" uuid="6351fcf4-e311-4a19-90f9-35667d99a8af">
          <name>Registration Desk</name>
          <creator/>
          <dateCreated id="31">2013-08-01 23:49:07</dateCreated>
          <retired>false</retired>
          <attributes id="32"/>
          <locationId>8</locationId>
          <parentLocation reference="5"/>
          <childLocations id="33"/>
          <tags id="34">
            <org.openmrs.LocationTag reference="14"/>
          </tags>
        </org.openmrs.Location>
        <org.openmrs.Location reference="2"/>
        <org.openmrs.Location id="35" uuid="b1a8b05e-3542-4037-bbd3-998ee9c40574">
          <name>Inpatient Ward</name>
          <creator/>
          <dateCreated id="36">2013-08-01 23:47:29</dateCreated>
          <retired>false</retired>
          <attributes id="37"/>
          <locationId>4</locationId>
          <parentLocation reference="5"/>
          <childLocations id="38"/>
          <tags id="39">
            <org.openmrs.LocationTag reference="26"/>
            <org.openmrs.LocationTag reference="28"/>
            <org.openmrs.LocationTag reference="14"/>
          </tags>
        </org.openmrs.Location>
      </childLocations>
      <tags id="40">
        <org.openmrs.LocationTag id="41" uuid="37dd4458-dc9e-4ae6-a1f1-789c1162d37b">
          <name>Visit Location</name>
          <description>Visits are only allowed to happen at locations tagged with this location tag or at locations that descend from a location tagged with this tag.</description>
          <creator/>
          <dateCreated id="42">2013-08-01 23:45:29</dateCreated>
          <retired>false</retired>
          <locationTagId>4</locationTagId>
        </org.openmrs.LocationTag>
      </tags>
    </parentLocation>
    <childLocations id="43"/>
    <tags id="44">
      <org.openmrs.LocationTag reference="14"/>
    </tags>
  </org.openmrs.Location>
  <org.openmrs.Location reference="16"/>
  <org.openmrs.Location reference="21"/>
  <org.openmrs.Location reference="30"/>
  <org.openmrs.Location reference="35"/>
  <org.openmrs.Location reference="9"/>
</list>
