<?xml version="1.0" encoding="UTF-8"?>
<list id="1">
  <org.openmrs.Location id="2" uuid="aff27d58-a15c-49a6-9beb-d30dcfc0c66e">
    <name>Amani Hospital</name>
    <creator/>
    <dateCreated id="3">2013-08-01 23:46:15</dateCreated>
    <retired>false</retired>
    <attributes id="4"/>
    <locationId>2</locationId>
    <childLocations id="5">
      <org.openmrs.Location id="6" uuid="58c57d25-8d39-41ab-8422-108a0c277d98">
        <name>Outpatient Clinic</name>
        <creator/>
        <dateCreated id="7">2013-08-01 23:47:12</dateCreated>
        <retired>false</retired>
        <attributes id="8"/>
        <locationId>3</locationId>
        <parentLocation reference="2"/>
        <childLocations id="9"/>
        <tags id="10">
          <org.openmrs.LocationTag id="11" uuid="0e1b3e47-4bff-4def-9cde-19af94a200a6">
            <name>Login Location</name>
            <description>When a user logs in and chooses a session location, they may only choose one with this tag</description>
            <creator/>
            <dateCreated id="12">2013-08-01 23:44:36</dateCreated>
            <retired>false</retired>
            <locationTagId>2</locationTagId>
          </org.openmrs.LocationTag>
        </tags>
      </org.openmrs.Location>
      <org.openmrs.Location id="13" uuid="7fdfa2cb-bc95-405a-88c6-32b7673c0453">
        <name>Laboratory</name>
        <creator/>
        <dateCreated id="14">2013-08-01 23:48:51</dateCreated>
        <retired>false</retired>
        <attributes id="15"/>
        <locationId>7</locationId>
        <parentLocation reference="2"/>
        <childLocations id="16"/>
        <tags id="17">
          <org.openmrs.LocationTag reference="11"/>
        </tags>
      </org.openmrs.Location>
      <org.openmrs.Location id="18" uuid="2131aff8-2e2a-480a-b7ab-4ac53250262b">
        <name>Isolation Ward</name>
        <creator/>
        <dateCreated id="19">2013-08-01 23:48:19</dateCreated>
        <retired>false</retired>
        <attributes id="20"/>
        <locationId>5</locationId>
        <parentLocation reference="2"/>
        <childLocations id="21"/>
        <tags id="22">
          <org.openmrs.LocationTag id="23" uuid="1c783dca-fd54-4ea8-a0fc-2875374e9cb6">
            <name>Admission Location</name>
            <description>Patients may only be admitted to inpatient care in a location with this tag</description>
            <creator/>
            <dateCreated id="24">2013-08-01 23:43:47</dateCreated>
            <retired>false</retired>
            <locationTagId>1</locationTagId>
          </org.openmrs.LocationTag>
          <org.openmrs.LocationTag reference="11"/>
          <org.openmrs.LocationTag id="25" uuid="8d4626ca-7abd-42ad-be48-56767bbcf272">
            <name>Transfer Location</name>
            <description>Patients may only be transferred (within the hospital) to a location with this tag</description>
            <creator/>
            <dateCreated id="26">2013-08-01 23:44:55</dateCreated>
            <retired>false</retired>
            <locationTagId>3</locationTagId>
          </org.openmrs.LocationTag>
        </tags>
      </org.openmrs.Location>
      <org.openmrs.Location id="27" uuid="6351fcf4-e311-4a19-90f9-35667d99a8af">
        <name>Registration Desk</name>
        <creator/>
        <dateCreated id="28">2013-08-01 23:49:07</dateCreated>
        <retired>false</retired>
        <attributes id="29"/>
        <locationId>8</locationId>
        <parentLocation reference="2"/>
        <childLocations id="30"/>
        <tags id="31">
          <org.openmrs.LocationTag reference="11"/>
        </tags>
      </org.openmrs.Location>
      <org.openmrs.Location id="32" uuid="7f65d926-57d6-4402-ae10-a5b3bcbf7986">
        <name>Pharmacy</name>
        <creator/>
        <dateCreated id="33">2013-08-01 23:48:37</dateCreated>
        <retired>false</retired>
        <attributes id="34"/>
        <locationId>6</locationId>
        <parentLocation reference="2"/>
        <childLocations id="35"/>
        <tags id="36">
          <org.openmrs.LocationTag reference="11"/>
        </tags>
      </org.openmrs.Location>
      <org.openmrs.Location id="37" uuid="b1a8b05e-3542-4037-bbd3-998ee9c40574">
        <name>Inpatient Ward</name>
        <creator/>
        <dateCreated id="38">2013-08-01 23:47:29</dateCreated>
        <retired>false</retired>
        <attributes id="39"/>
        <locationId>4</locationId>
        <parentLocation reference="2"/>
        <childLocations id="40"/>
        <tags id="41">
          <org.openmrs.LocationTag reference="23"/>
          <org.openmrs.LocationTag reference="11"/>
          <org.openmrs.LocationTag reference="25"/>
        </tags>
      </org.openmrs.Location>
    </childLocations>
    <tags id="42">
      <org.openmrs.LocationTag id="43" uuid="37dd4458-dc9e-4ae6-a1f1-789c1162d37b">
        <name>Visit Location</name>
        <description>Visits are only allowed to happen at locations tagged with this location tag or at locations that descend from a location tagged with this tag.</description>
        <creator/>
        <dateCreated id="44">2013-08-01 23:45:29</dateCreated>
        <retired>false</retired>
        <locationTagId>4</locationTagId>
      </org.openmrs.LocationTag>
    </tags>
  </org.openmrs.Location>
</list>
