<?xml version="1.0" encoding="UTF-8"?>
<package id="1" uuid="208db4eb-793e-40ab-bf79-92ee0ec9e244">
  <dateCreated id="2">2013-08-01 19:16:28</dateCreated>
  <name>Reference_Demo_Data_Locations</name>
  <description>Contains locations to use as demo data in the reference application</description>
  <openmrsVersion>1.10.0 SNAPSHOT Build 8122b9</openmrsVersion>
  <version>1</version>
  <groupUuid>df8df296-ed10-4ded-8301-b4ee0100476e</groupUuid>
  <modules id="3">
    <entry>
      <string>calculation</string>
      <string>1.1-SNAPSHOT</string>
    </entry>
    <entry>
      <string>reportingcompatibility</string>
      <string>1.5.8</string>
    </entry>
    <entry>
      <string>groovy</string>
      <string>2.2.4</string>
    </entry>
    <entry>
      <string>form2program</string>
      <string>1.4</string>
    </entry>
    <entry>
      <string>validation</string>
      <string>1.0.1</string>
    </entry>
    <entry>
      <string>htmlformentry</string>
      <string>2.0.8</string>
    </entry>
    <entry>
      <string>metadatamapping</string>
      <string>1.0.1</string>
    </entry>
    <entry>
      <string>metadatasharing</string>
      <string>1.1.8</string>
    </entry>
    <entry>
      <string>logic</string>
      <string>0.5.2</string>
    </entry>
  </modules>
  <items class="linked-hash-set" id="4">
    <org.openmrs.module.metadatasharing.Item id="5" uuid="c0937d4f-1691-11df-97a5-7038c432aabf">
      <id>3</id>
      <classname>org.openmrs.Location</classname>
      <dateChanged id="6">2005-09-22 04:00:00</dateChanged>
      <retired>false</retired>
    </org.openmrs.module.metadatasharing.Item>
    <org.openmrs.module.metadatasharing.Item id="7" uuid="c0937f0c-1691-11df-97a5-7038c432aabf">
      <id>4</id>
      <classname>org.openmrs.Location</classname>
      <dateChanged id="8">2005-09-22 04:00:00</dateChanged>
      <retired>false</retired>
    </org.openmrs.module.metadatasharing.Item>
    <org.openmrs.module.metadatasharing.Item id="9" uuid="c09380bc-1691-11df-97a5-7038c432aabf">
      <id>5</id>
      <classname>org.openmrs.Location</classname>
      <dateChanged id="10">2005-09-22 04:00:00</dateChanged>
      <retired>false</retired>
    </org.openmrs.module.metadatasharing.Item>
    <org.openmrs.module.metadatasharing.Item id="11" uuid="c0937b97-1691-11df-97a5-7038c432aabf">
      <id>2</id>
      <classname>org.openmrs.Location</classname>
      <dateChanged id="12">2005-09-22 04:00:00</dateChanged>
      <retired>false</retired>
    </org.openmrs.module.metadatasharing.Item>
    <org.openmrs.module.metadatasharing.Item id="13" uuid="c0938279-1691-11df-97a5-7038c432aabf">
      <id>6</id>
      <classname>org.openmrs.Location</classname>
      <dateChanged id="14">2005-09-22 04:00:00</dateChanged>
      <retired>false</retired>
    </org.openmrs.module.metadatasharing.Item>
  </items>
  <relatedItems class="linked-hash-set" id="15">
    <org.openmrs.module.metadatasharing.Item id="16" uuid="b8bbf83e-645f-451f-8efe-a0db56f09676">
      <id>1</id>
      <classname>org.openmrs.LocationTag</classname>
      <dateChanged id="17">2013-05-31 17:32:48</dateChanged>
      <retired>false</retired>
    </org.openmrs.module.metadatasharing.Item>
  </relatedItems>
</package>
